image_path,parent_folder,label
data\wood\test\color\000.png,color,1
data\wood\test\color\001.png,color,1
data\wood\test\color\002.png,color,1
data\wood\test\color\003.png,color,1
data\wood\test\color\004.png,color,1
data\wood\test\color\005.png,color,1
data\wood\test\color\006.png,color,1
data\wood\test\color\007.png,color,1
data\wood\test\combined\000.png,combined,1
data\wood\test\combined\001.png,combined,1
data\wood\test\combined\002.png,combined,1
data\wood\test\combined\003.png,combined,1
data\wood\test\combined\004.png,combined,1
data\wood\test\combined\005.png,combined,1
data\wood\test\combined\006.png,combined,1
data\wood\test\combined\007.png,combined,1
data\wood\test\combined\008.png,combined,1
data\wood\test\combined\009.png,combined,1
data\wood\test\combined\010.png,combined,1
data\wood\test\good\000.png,good,0
data\wood\test\good\001.png,good,0
data\wood\test\good\002.png,good,0
data\wood\test\good\003.png,good,0
data\wood\test\good\004.png,good,0
data\wood\test\good\005.png,good,0
data\wood\test\good\006.png,good,0
data\wood\test\good\007.png,good,0
data\wood\test\good\008.png,good,0
data\wood\test\good\009.png,good,0
data\wood\test\good\010.png,good,0
data\wood\test\good\011.png,good,0
data\wood\test\good\012.png,good,0
data\wood\test\good\013.png,good,0
data\wood\test\good\014.png,good,0
data\wood\test\good\015.png,good,0
data\wood\test\good\016.png,good,0
data\wood\test\good\017.png,good,0
data\wood\test\good\018.png,good,0
data\wood\test\hole\000.png,hole,1
data\wood\test\hole\001.png,hole,1
data\wood\test\hole\002.png,hole,1
data\wood\test\hole\003.png,hole,1
data\wood\test\hole\004.png,hole,1
data\wood\test\hole\005.png,hole,1
data\wood\test\hole\006.png,hole,1
data\wood\test\hole\007.png,hole,1
data\wood\test\hole\008.png,hole,1
data\wood\test\hole\009.png,hole,1
data\wood\test\liquid\000.png,liquid,1
data\wood\test\liquid\001.png,liquid,1
data\wood\test\liquid\002.png,liquid,1
data\wood\test\liquid\003.png,liquid,1
data\wood\test\liquid\004.png,liquid,1
data\wood\test\liquid\005.png,liquid,1
data\wood\test\liquid\006.png,liquid,1
data\wood\test\liquid\007.png,liquid,1
data\wood\test\liquid\008.png,liquid,1
data\wood\test\liquid\009.png,liquid,1
data\wood\test\scratch\000.png,scratch,1
data\wood\test\scratch\001.png,scratch,1
data\wood\test\scratch\002.png,scratch,1
data\wood\test\scratch\003.png,scratch,1
data\wood\test\scratch\004.png,scratch,1
data\wood\test\scratch\005.png,scratch,1
data\wood\test\scratch\006.png,scratch,1
data\wood\test\scratch\007.png,scratch,1
data\wood\test\scratch\008.png,scratch,1
data\wood\test\scratch\009.png,scratch,1
data\wood\test\scratch\010.png,scratch,1
data\wood\test\scratch\011.png,scratch,1
data\wood\test\scratch\012.png,scratch,1
data\wood\test\scratch\013.png,scratch,1
data\wood\test\scratch\014.png,scratch,1
data\wood\test\scratch\015.png,scratch,1
data\wood\test\scratch\016.png,scratch,1
data\wood\test\scratch\017.png,scratch,1
data\wood\test\scratch\018.png,scratch,1
data\wood\test\scratch\019.png,scratch,1
data\wood\test\scratch\020.png,scratch,1
data\wood\train\good\000.png,good,0
data\wood\train\good\001.png,good,0
data\wood\train\good\002.png,good,0
data\wood\train\good\003.png,good,0
data\wood\train\good\004.png,good,0
data\wood\train\good\005.png,good,0
data\wood\train\good\006.png,good,0
data\wood\train\good\007.png,good,0
data\wood\train\good\008.png,good,0
data\wood\train\good\009.png,good,0
data\wood\train\good\010.png,good,0
data\wood\train\good\011.png,good,0
data\wood\train\good\012.png,good,0
data\wood\train\good\013.png,good,0
data\wood\train\good\014.png,good,0
data\wood\train\good\015.png,good,0
data\wood\train\good\016.png,good,0
data\wood\train\good\017.png,good,0
data\wood\train\good\018.png,good,0
data\wood\train\good\019.png,good,0
data\wood\train\good\020.png,good,0
data\wood\train\good\021.png,good,0
data\wood\train\good\022.png,good,0
data\wood\train\good\023.png,good,0
data\wood\train\good\024.png,good,0
data\wood\train\good\025.png,good,0
data\wood\train\good\026.png,good,0
data\wood\train\good\027.png,good,0
data\wood\train\good\028.png,good,0
data\wood\train\good\029.png,good,0
data\wood\train\good\030.png,good,0
data\wood\train\good\031.png,good,0
data\wood\train\good\032.png,good,0
data\wood\train\good\033.png,good,0
data\wood\train\good\034.png,good,0
data\wood\train\good\035.png,good,0
data\wood\train\good\036.png,good,0
data\wood\train\good\037.png,good,0
data\wood\train\good\038.png,good,0
data\wood\train\good\039.png,good,0
data\wood\train\good\040.png,good,0
data\wood\train\good\041.png,good,0
data\wood\train\good\042.png,good,0
data\wood\train\good\043.png,good,0
data\wood\train\good\044.png,good,0
data\wood\train\good\045.png,good,0
data\wood\train\good\046.png,good,0
data\wood\train\good\047.png,good,0
data\wood\train\good\048.png,good,0
data\wood\train\good\049.png,good,0
data\wood\train\good\050.png,good,0
data\wood\train\good\051.png,good,0
data\wood\train\good\052.png,good,0
data\wood\train\good\053.png,good,0
data\wood\train\good\054.png,good,0
data\wood\train\good\055.png,good,0
data\wood\train\good\056.png,good,0
data\wood\train\good\057.png,good,0
data\wood\train\good\058.png,good,0
data\wood\train\good\059.png,good,0
data\wood\train\good\060.png,good,0
data\wood\train\good\061.png,good,0
data\wood\train\good\062.png,good,0
data\wood\train\good\063.png,good,0
data\wood\train\good\064.png,good,0
data\wood\train\good\065.png,good,0
data\wood\train\good\066.png,good,0
data\wood\train\good\067.png,good,0
data\wood\train\good\068.png,good,0
data\wood\train\good\069.png,good,0
data\wood\train\good\070.png,good,0
data\wood\train\good\071.png,good,0
data\wood\train\good\072.png,good,0
data\wood\train\good\073.png,good,0
data\wood\train\good\074.png,good,0
data\wood\train\good\075.png,good,0
data\wood\train\good\076.png,good,0
data\wood\train\good\077.png,good,0
data\wood\train\good\078.png,good,0
data\wood\train\good\079.png,good,0
data\wood\train\good\080.png,good,0
data\wood\train\good\081.png,good,0
data\wood\train\good\082.png,good,0
data\wood\train\good\083.png,good,0
data\wood\train\good\084.png,good,0
data\wood\train\good\085.png,good,0
data\wood\train\good\086.png,good,0
data\wood\train\good\087.png,good,0
data\wood\train\good\088.png,good,0
data\wood\train\good\089.png,good,0
data\wood\train\good\090.png,good,0
data\wood\train\good\091.png,good,0
data\wood\train\good\092.png,good,0
data\wood\train\good\093.png,good,0
data\wood\train\good\094.png,good,0
data\wood\train\good\095.png,good,0
data\wood\train\good\096.png,good,0
data\wood\train\good\097.png,good,0
data\wood\train\good\098.png,good,0
data\wood\train\good\099.png,good,0
data\wood\train\good\100.png,good,0
data\wood\train\good\101.png,good,0
data\wood\train\good\102.png,good,0
data\wood\train\good\103.png,good,0
data\wood\train\good\104.png,good,0
data\wood\train\good\105.png,good,0
data\wood\train\good\106.png,good,0
data\wood\train\good\107.png,good,0
data\wood\train\good\108.png,good,0
data\wood\train\good\109.png,good,0
data\wood\train\good\110.png,good,0
data\wood\train\good\111.png,good,0
data\wood\train\good\112.png,good,0
data\wood\train\good\113.png,good,0
data\wood\train\good\114.png,good,0
data\wood\train\good\115.png,good,0
data\wood\train\good\116.png,good,0
data\wood\train\good\117.png,good,0
data\wood\train\good\118.png,good,0
data\wood\train\good\119.png,good,0
data\wood\train\good\120.png,good,0
data\wood\train\good\121.png,good,0
data\wood\train\good\122.png,good,0
data\wood\train\good\123.png,good,0
data\wood\train\good\124.png,good,0
data\wood\train\good\125.png,good,0
data\wood\train\good\126.png,good,0
data\wood\train\good\127.png,good,0
data\wood\train\good\128.png,good,0
data\wood\train\good\129.png,good,0
data\wood\train\good\130.png,good,0
data\wood\train\good\131.png,good,0
data\wood\train\good\132.png,good,0
data\wood\train\good\133.png,good,0
data\wood\train\good\134.png,good,0
data\wood\train\good\135.png,good,0
data\wood\train\good\136.png,good,0
data\wood\train\good\137.png,good,0
data\wood\train\good\138.png,good,0
data\wood\train\good\139.png,good,0
data\wood\train\good\140.png,good,0
data\wood\train\good\141.png,good,0
data\wood\train\good\142.png,good,0
data\wood\train\good\143.png,good,0
data\wood\train\good\144.png,good,0
data\wood\train\good\145.png,good,0
data\wood\train\good\146.png,good,0
data\wood\train\good\147.png,good,0
data\wood\train\good\148.png,good,0
data\wood\train\good\149.png,good,0
data\wood\train\good\150.png,good,0
data\wood\train\good\151.png,good,0
data\wood\train\good\152.png,good,0
data\wood\train\good\153.png,good,0
data\wood\train\good\154.png,good,0
data\wood\train\good\155.png,good,0
data\wood\train\good\156.png,good,0
data\wood\train\good\157.png,good,0
data\wood\train\good\158.png,good,0
data\wood\train\good\159.png,good,0
data\wood\train\good\160.png,good,0
data\wood\train\good\161.png,good,0
data\wood\train\good\162.png,good,0
data\wood\train\good\163.png,good,0
data\wood\train\good\164.png,good,0
data\wood\train\good\165.png,good,0
data\wood\train\good\166.png,good,0
data\wood\train\good\167.png,good,0
data\wood\train\good\168.png,good,0
data\wood\train\good\169.png,good,0
data\wood\train\good\170.png,good,0
data\wood\train\good\171.png,good,0
data\wood\train\good\172.png,good,0
data\wood\train\good\173.png,good,0
data\wood\train\good\174.png,good,0
data\wood\train\good\175.png,good,0
data\wood\train\good\176.png,good,0
data\wood\train\good\177.png,good,0
data\wood\train\good\178.png,good,0
data\wood\train\good\179.png,good,0
data\wood\train\good\180.png,good,0
data\wood\train\good\181.png,good,0
data\wood\train\good\182.png,good,0
data\wood\train\good\183.png,good,0
data\wood\train\good\184.png,good,0
data\wood\train\good\185.png,good,0
data\wood\train\good\186.png,good,0
data\wood\train\good\187.png,good,0
data\wood\train\good\188.png,good,0
data\wood\train\good\189.png,good,0
data\wood\train\good\190.png,good,0
data\wood\train\good\191.png,good,0
data\wood\train\good\192.png,good,0
data\wood\train\good\193.png,good,0
data\wood\train\good\194.png,good,0
data\wood\train\good\195.png,good,0
data\wood\train\good\196.png,good,0
data\wood\train\good\197.png,good,0
data\wood\train\good\198.png,good,0
data\wood\train\good\199.png,good,0
data\wood\train\good\200.png,good,0
data\wood\train\good\201.png,good,0
data\wood\train\good\202.png,good,0
data\wood\train\good\203.png,good,0
data\wood\train\good\204.png,good,0
data\wood\train\good\205.png,good,0
data\wood\train\good\206.png,good,0
data\wood\train\good\207.png,good,0
data\wood\train\good\208.png,good,0
data\wood\train\good\209.png,good,0
data\wood\train\good\210.png,good,0
data\wood\train\good\211.png,good,0
data\wood\train\good\212.png,good,0
data\wood\train\good\213.png,good,0
data\wood\train\good\214.png,good,0
data\wood\train\good\215.png,good,0
data\wood\train\good\216.png,good,0
data\wood\train\good\217.png,good,0
data\wood\train\good\218.png,good,0
data\wood\train\good\219.png,good,0
data\wood\train\good\220.png,good,0
data\wood\train\good\221.png,good,0
data\wood\train\good\222.png,good,0
data\wood\train\good\223.png,good,0
data\wood\train\good\224.png,good,0
data\wood\train\good\225.png,good,0
data\wood\train\good\226.png,good,0
data\wood\train\good\227.png,good,0
data\wood\train\good\228.png,good,0
data\wood\train\good\229.png,good,0
data\wood\train\good\230.png,good,0
data\wood\train\good\231.png,good,0
data\wood\train\good\232.png,good,0
data\wood\train\good\233.png,good,0
data\wood\train\good\234.png,good,0
data\wood\train\good\235.png,good,0
data\wood\train\good\236.png,good,0
data\wood\train\good\237.png,good,0
data\wood\train\good\238.png,good,0
data\wood\train\good\239.png,good,0
data\wood\train\good\240.png,good,0
data\wood\train\good\241.png,good,0
data\wood\train\good\242.png,good,0
data\wood\train\good\243.png,good,0
data\wood\train\good\244.png,good,0
data\wood\train\good\245.png,good,0
data\wood\train\good\246.png,good,0
